sid,corals,fishes,marine_mammals,other_invertebrates,sea_turtles,seagrasses,sharks_and_rays
1,0.6074280203616323,0.3943182802351348,0.39656151646207727,0.44720837735894353,0.597982400542304,0.9791444890725115,0.45219266449563456
2,0.5818641100983541,0.3955749397407475,0.42515146914837404,0.45628737374967154,0.6740608165328096,0.9285130160535365,0.4916068350080034
3,0.5818641100983541,0.3955749397407475,0.42515146914837404,0.45628737374967154,0.6740608165328096,0.9285130160535365,0.4916068350080034
4,0.6298621693027794,0.45511880212640066,0.4127724254191853,0.4643048756426125,0.7798782703654852,0.9999999999999998,0.5561925623937022
5,0.6223611450933186,0.43559196965012803,0.42875297388508427,0.46855107839475024,0.7895388064361902,0.9791444890725115,0.5464243438063074
6,0.606217719774164,0.42449445743443526,0.4304099994173461,0.46499414128863775,0.7682750826839396,0.9791444890725115,0.5348167951454053
7,0.6298621693027794,0.45511880212640066,0.4127724254191853,0.4643048756426125,0.7798782703654852,0.9999999999999998,0.5561925623937022
8,0.6276052767642225,0.44827259357246185,0.4236907381273783,0.46700465107459027,0.8090322671577161,0.9999999999999998,0.5605028954391006
9,0.6170280962203125,0.4353704667688195,0.429465493947965,0.4669413975425942,0.7956418536886194,0.9791444890725115,0.5469371488277059
10,0.5996772528513808,0.3740055028663686,0.3901838638385828,0.4422680973564881,0.5054110257474531,0.9999999999999998,0.4161654770576709
11,0.5977557152952676,0.381971967498646,0.42251595309622453,0.45875063331608834,0.5987990123981518,0.9999999999999998,0.4599946781496983
12,0.5736604926186223,0.3897995983033659,0.4273150687657057,0.4539484250103719,0.644700512031634,0.9546793333917689,0.4843240786728226
13,0.6477001240117904,0.44386374116965643,0.409707848270593,0.46890768762588025,0.706374211428503,0.9999999999999998,0.5322813234463417
14,0.6388951486785915,0.43437039638752717,0.42568824704622904,0.47426984219534263,0.7475430123801857,0.9999999999999998,0.5372763035685568
15,0.6089127863529622,0.4183500386635417,0.431787924624512,0.46586127244711545,0.73967122113797,0.9791444890725115,0.5257597775906266
16,0.6411768722798544,0.4588093100420106,0.41301582423166405,0.4663472460583952,0.7706939378435511,0.9999999999999998,0.5632175010465819
17,0.640049881287157,0.4526522192759965,0.42204086065491775,0.47178436990473355,0.800055268480071,0.9999999999999998,0.5637478941677501
18,0.6181941521254695,0.4355972616498339,0.42987170352325016,0.46746918812674493,0.7950412454362974,0.9791444890725115,0.5478941703635888
19,0.5996772528513808,0.3740055028663686,0.3901838638385828,0.4422680973564881,0.5054110257474531,0.9999999999999998,0.4161654770576709
20,0.59353975660412,0.3702877585639264,0.4077008125900539,0.4508332445023757,0.5375509065638564,0.9999999999999998,0.4312646254366183
21,0.5641922278107199,0.3755850572804964,0.4216546393817803,0.4479130216504735,0.5852385207803114,0.9999999999999998,0.45383330981750447
22,0.6331022298563386,0.4124241400544124,0.4007987355451914,0.4607792652579571,0.6028590623778363,0.9999999999999998,0.47927023872311536
23,0.6295866503326195,0.40215972797977795,0.40722458502222225,0.46385271923680055,0.5961375410284521,0.9999999999999998,0.47079710172053596
24,0.5904035017385217,0.3862306550068878,0.42411054011453714,0.45782927077960656,0.6132144041417109,0.9999999999999998,0.46923933135720497
25,0.6443572495085322,0.44841403707119515,0.4079469601141901,0.46459696701381326,0.714109136651216,0.9999999999999998,0.5400497355666494
26,0.6458707804279066,0.44779256980028664,0.41041872215643616,0.46686441169351545,0.7227393579884165,0.9999999999999998,0.5413924249012826
27,0.6366490100467987,0.4358534073202527,0.42634301317578116,0.4729234636383426,0.7576824750560119,0.9999999999999998,0.5412225153956255
28,0.52020821706484,0.3971905021942013,0.34691611877041995,0.3910098653549518,0.49636412723501055,0.9791444890725115,0.42340013367614326
29,0.5344009131034945,0.39485747614117117,0.3975381062825861,0.42395619355254144,0.6088056232961931,0.8614382206611698,0.4681724845549581
30,0.5284874073791547,0.39012030905007766,0.4105368618350503,0.42930311092431317,0.6297187463611297,0.6791787792623528,0.47765849488411316
31,0.5937613701981999,0.4501671565821923,0.3903244574548953,0.4397471566649399,0.7253023788346619,0.9999999999999998,0.5326572659650481
32,0.602994987533285,0.43416031652603665,0.4107614342762947,0.45466684392563683,0.7457608861319357,0.9791444890725115,0.5298513362663266
33,0.5808842988252881,0.4110942874483531,0.4213390951873365,0.4530607371109576,0.7090300216166825,0.9791444890725115,0.5119390737081074
34,0.6059807150812172,0.458090128188836,0.39989396879622136,0.44805284602388806,0.7673864421047129,0.9999999999999998,0.553928370000692
35,0.6150957171631605,0.452526742880817,0.41180224640980045,0.4571671020984879,0.7926093043111296,0.9999999999999998,0.5572691406563615
36,0.6164924133905462,0.43514664332925623,0.42846716041558414,0.46606641198264986,0.7912042064932866,0.9791444890725115,0.5459021035872803
37,0.5344009246136173,0.37241087873643597,0.36416201768151135,0.40587417258369846,0.4505786758126914,0.9999999999999998,0.39400057101044317
38,0.570179075207668,0.3888405037153043,0.39870281134630403,0.43766860175138306,0.5666391770729279,0.9791444890725115,0.4504678403332766
39,0.5431652016274697,0.39077311845729507,0.4165426507394599,0.43611364553281173,0.630432177285434,0.8655961362495458,0.4800311997842459
40,0.6160439651356552,0.43976491248906907,0.3910177705188065,0.4477818092732062,0.6692304196337432,0.9999999999999998,0.5127036718646982
41,0.6178028349504993,0.43192105779418294,0.4104057872504925,0.4591393266275512,0.7111896147503527,0.9999999999999998,0.5214697937383277
42,0.5856910764453555,0.4094479158954127,0.4241148022578611,0.45456921571677306,0.700022541234348,0.9791444890725115,0.5099385427416558
43,0.620482031831187,0.45880421233901847,0.4051405984902064,0.4557328935671935,0.7669956447662682,0.9999999999999998,0.5587329065336062
44,0.6240980332519362,0.45456897373471933,0.41350148041527063,0.46110135032712796,0.7880735694926498,0.9999999999999998,0.5605036191702484
45,0.6175138971265288,0.43540269796571207,0.4289021917594353,0.4663227642881882,0.7903408806311892,0.9791444890725115,0.5467426246685136
46,0.5314994260011678,0.36714230138175075,0.36545481667188967,0.40483901284242735,0.44162958114930484,0.9999999999999998,0.388017362803452
47,0.5626830592431843,0.3710537221503368,0.38914007809966805,0.42807085816001494,0.4946237832206711,0.9999999999999998,0.41486071802139757
48,0.5609735369274634,0.37687816300447796,0.41972101152701796,0.44524036742637674,0.58091277354152,0.9999999999999998,0.4534754615073751
49,0.6022853653680316,0.4015016351345989,0.3864090320438573,0.44200689363671286,0.5492100846148131,0.9999999999999998,0.45232824872871547
50,0.6091486421282458,0.3973510477352768,0.3962869519341361,0.4496608226358155,0.5613525108706449,0.9999999999999998,0.4553555192510549
51,0.5877909741441577,0.3867318745977256,0.4223040205409748,0.4552315165343142,0.6083847542471476,0.9999999999999998,0.4683555890276838
52,0.6429523082025648,0.44798229180195315,0.4066183235196755,0.463533369039083,0.7095643526040023,0.9999999999999998,0.5381601589087927
53,0.6439555265770028,0.44720414236740125,0.40918359471630694,0.4655442045814227,0.7171698461000765,0.9999999999999998,0.5396287540012349
54,0.6346429132601205,0.4354078948349252,0.4254853933031507,0.4713761077355463,0.7529499482286023,0.9999999999999998,0.5398405344485665
55,0.3629902928083926,0.39365985255634006,0.2924289596729982,0.3049239302849048,0.38417188071766045,0.6697101939598693,0.3899712238252435
56,0.4140942972171087,0.3980623662887036,0.3184150489538516,0.33757216971378035,0.45398370143746164,0.6301606150175854,0.41484835622418653
57,0.46453169212000445,0.38601044925482325,0.3898222995633685,0.39819751872656395,0.5716382656276143,0.3377229934923919,0.45425388217682716
58,0.4749052186556393,0.4149687846780014,0.3216228289653822,0.35971686275005166,0.49390060939636615,0.9791444890725115,0.43850172221151174
59,0.503827464336031,0.41746476539623467,0.34101752548651304,0.3787000853582176,0.5450807613026751,0.9791444890725115,0.4554686170423803
60,0.5219218331048628,0.3939635616960789,0.3958567108953205,0.41775252111420413,0.6065948127714474,0.8524091301143123,0.4683421025806352
61,0.5809765747152128,0.45185094920290825,0.3837698679053888,0.4314181486985815,0.717500172196491,0.9999999999999998,0.5325107615504283
62,0.5842460642637092,0.45107656612529445,0.38784613479608143,0.43447480672756345,0.7295046132785651,0.9999999999999998,0.5350844089101694
63,0.5965854935263388,0.43379154014163834,0.41038268593715704,0.45179112772439667,0.7468947666422747,0.9791444890725115,0.5300704468806022
64,0.407559462461563,0.3975843699228494,0.30744745715690125,0.32751401426713594,0.41098433877145485,0.8770945352908284,0.4010463374553121
65,0.45035735456736614,0.4000968105486474,0.3300944976254759,0.35219222437285147,0.46651366570714486,0.7277579094299232,0.4213144236230117
66,0.47383156954916855,0.3878296696050435,0.3916211471145362,0.4008427869922788,0.5736971977289598,0.4047437355903177,0.4569784940411694
67,0.4963733024003467,0.4162670071259054,0.3327567869121951,0.3722378600697229,0.5078449128160307,0.9791444890725115,0.4441925703040346
68,0.5166137118299199,0.4173847732250915,0.34694467624773295,0.38631626149771436,0.5476931071150964,0.9791444890725115,0.45776078121209257
69,0.5260722459215434,0.39520751750571903,0.3970716953058688,0.418849779315311,0.6072360419208286,0.87046731120802745,0.47018977836223297
70,0.586839081641971,0.4518132680468367,0.38536953415322034,0.43367084444549847,0.7183578851394998,0.9999999999999998,0.5332865959140972
71,0.5883261260162317,0.45118592569322735,0.389307403610146,0.4364733629686675,0.7302922158443413,0.9999999999999998,0.5354730179440769
72,0.5983354152991474,0.4340006772942696,0.4108026808102285,0.4522561969703564,0.7449960171781171,0.9791444890725115,0.5302611169621926
73,0.4862066786799647,0.36034066761171196,0.3511473865156632,0.38428866568786224,0.40459658833647916,0.9999999999999998,0.37074702445787544
74,0.49436480616545625,0.36532599060117976,0.3581623305320434,0.38819110673549834,0.4247531574870827,0.9999999999999998,0.3816506579290081
75,0.5355261074100498,0.384426318969959,0.39562475469783226,0.42196599365792015,0.5487401873884628,0.9755348443192572,0.44298285246090385
76,0.522016453642493,0.37636697429769933,0.3588096344628125,0.398306241647885,0.4459257713570504,0.9999999999999998,0.39634735171753577
77,0.5287540953079511,0.3794216805666627,0.3645114297099831,0.40283161436819787,0.462525758365798,0.9999999999999998,0.4050546395485283
78,0.5603278927738228,0.39272152755386686,0.39872003601743844,0.43283594128895525,0.5756809656650289,0.9999999999999998,0.4574723053108249
79,0.6104012223768513,0.4426246507954005,0.3874998150157421,0.4427455675490049,0.6693972528807561,0.9999999999999998,0.515562285398141
80,0.612748084921915,0.4425150713689361,0.39053696195437765,0.4447719527110865,0.6778347403606642,0.9999999999999998,0.518300700476325
81,0.6133270167216551,0.43252331827527946,0.4106589308104125,0.45688387242362993,0.7141964433073773,0.9999999999999998,0.523325783272547
82,0.5066533738348838,0.3219193968057921,0.35116153539575523,0.3782519021642681,0.3599250244955675,0.9366211522980539,0.3177494343864581
83,0.5339363789037443,0.33907186410003654,0.3821654566932964,0.4144475973404591,0.4855880847448741,0.6826119960172067,0.36996306581961824
84,0.5363023750089417,0.3753284914679186,0.42233451179391684,0.4420394383609334,0.6332688482083517,0.546223936455929,0.46440468430316256
85,0.6039126066479964,0.39428221945061087,0.38992746303257847,0.4412602030519878,0.5907187246864294,0.9791444890725115,0.43740376031235473
86,0.6146340281753588,0.39842489596754754,0.40844888615429287,0.4573233375984365,0.6615098374972055,0.9791444890725115,0.4664795529386131
87,0.5883733841461715,0.39493630779698763,0.4272844276505886,0.46066283579599293,0.6898726909052708,0.9546793333917689,0.49149597011329915
88,0.627738415659548,0.45612898537583285,0.40989726561531964,0.46231027696841276,0.772512811891667,0.9999999999999998,0.5523228359723261
89,0.6326384304467457,0.4528893610298533,0.41653448163213586,0.4671116180745166,0.7904851501823839,0.9999999999999998,0.5548868169453847
90,0.6220120090400418,0.43549044841190093,0.42974403075339096,0.4692490300193826,0.7948675370246152,0.9791444890725115,0.546921185911338
91,0.5375697659949629,0.33100763601073213,0.36543850411469053,0.3994945065891616,0.3833685361535317,0.9999999999999998,0.33603027322894574
92,0.5719973942190671,0.34552458993281393,0.3881747347444636,0.4271056035004393,0.47599705089687694,0.9156127639423152,0.37968224548473223
93,0.5461340721910529,0.37744000899760427,0.423657275461205,0.4456879670963571,0.6324890003367595,0.6228102269784576,0.4681728882518983
94,0.6126825018463359,0.3855209997061877,0.38781794947002607,0.4435064350138854,0.5500901230711861,0.9999999999999998,0.4278384919376908
95,0.6239376374369004,0.393767556857917,0.4068755513740179,0.4588081824231382,0.6256454674300267,0.9791444890725115,0.45868906204938686
96,0.5920782921571824,0.39543142530553044,0.4289759218243853,0.46214789714912424,0.6857965921962789,0.9546793333917689,0.4936011290775216
97,0.6364172034744102,0.45675930675787574,0.41180111525981794,0.466363769794279,0.7721103533412799,0.9999999999999998,0.5552577824577682
98,0.638025837431837,0.45414211412440525,0.4169199068832449,0.4695394789810325,0.7885666477703311,0.9999999999999998,0.5573267584538155
99,0.6237163404549715,0.43579121724730335,0.4300975305151029,0.46964917841628573,0.794316538162444,0.9791444890725115,0.5477131255844873
100,0.5409399189825836,0.3327294415857754,0.3704811216564692,0.4070327028717085,0.3931573409608107,0.9999999999999998,0.34383356514494834
101,0.5683623147159298,0.34479431694228047,0.38772129924954146,0.42616666548060267,0.44958988216522816,0.9999999999999998,0.37398725673120053
102,0.5722279117782139,0.3693470757818715,0.42048318485654,0.4499908120606826,0.5705849757106105,0.9999999999999998,0.44268333531014975
103,0.5997533730496521,0.371570352192831,0.3857190147359265,0.43926297646185275,0.49364279613268863,0.9999999999999998,0.4067108308389923
104,0.6159850516321743,0.37468928690172704,0.39713745506786535,0.4511906707310473,0.5245818843483322,0.9999999999999998,0.4229395661785847
105,0.5999651841277783,0.3807731626011902,0.424082634406042,0.4607956650763383,0.6024763498717529,0.9999999999999998,0.4603294101882351
106,0.648695632095972,0.444464171483011,0.4081042775442668,0.4685217359813035,0.7030503746009578,0.9999999999999998,0.5319356286564955
107,0.6502982254687439,0.4441837153354962,0.41086082309096505,0.4705923725973522,0.7113217979971171,0.9999999999999998,0.5342085146679091
108,0.6408180990727416,0.4347048007076406,0.42669832643421063,0.4756372736222026,0.7522980036564488,0.9999999999999998,0.5387584122750134
109,0.4438714548824138,0.3265787609803461,0.33065869653095725,0.3530335262204837,0.33010554833527395,0.7958322596906816,0.3108921743297407
110,0.5125770100169716,0.3448598580666442,0.36797543603080224,0.40108096346255157,0.45750039981878743,0.6520915076217803,0.3674588744539813
111,0.5262754357289573,0.37828496838422515,0.4190478921164672,0.43663570007884384,0.6263687608272708,0.4845190983693063,0.46632174323703773
112,0.5786109898163406,0.39132847369273605,0.37493113639124953,0.42605571624739746,0.5458607148915675,0.9791444890725115,0.4247083442203588
113,0.6005752528908825,0.39896404109451067,0.39742840238183835,0.44668687449914596,0.628253732347724,0.9791444890725115,0.45898134475591246
114,0.5780126795011356,0.3948632950364081,0.4238118563642893,0.455073334612505,0.6769052572910663,0.9285130160535365,0.4895409821807521
115,0.6203065156300354,0.45688985809184146,0.40618956130167616,0.45758892568415327,0.7653598906973537,0.9999999999999998,0.5516482719566126
116,0.6241602429220913,0.45420039584849625,0.4120794342940174,0.46177786346930816,0.7811433050485148,0.9999999999999998,0.553734850575331
117,0.6210930241030796,0.4352611144465782,0.4285073967456836,0.4683051306818196,0.789866630701869,0.9791444890725115,0.545791636446222
118,0.49857676822790997,0.33610674937729373,0.3500893176148303,0.3809370208261092,0.3668988158211815,0.9546793333917689,0.33402471086809554
119,0.5475972236884341,0.35112419413689516,0.3773507371568865,0.41206907999530873,0.4618672248230285,0.8885254923017425,0.37917303597502394
120,0.5339441085252931,0.3800806656200415,0.4205327698443892,0.439279209965547,0.626381124401252,0.5591257385132663,0.46941927443421616
121,0.5912271716434143,0.3852604848019464,0.3772239900915746,0.43040823832057984,0.5222551501450031,0.9999999999999998,0.4199090436675169
122,0.6078034965811718,0.394217615127229,0.39660364423475475,0.4472286639464058,0.5974862782283276,0.9791444890725115,0.4520472746924117
123,0.5817637162885162,0.3955878052975212,0.42506853353989227,0.45631262084735513,0.6738940400309236,0.9285130160535365,0.49162400655030025
124,0.6289179118314946,0.45745077951467256,0.4077179641649757,0.46125347400473,0.7652654648508144,0.9999999999999998,0.5543946550741234
125,0.6299004102059039,0.45515229198938956,0.4127696071103787,0.46435602075444987,0.7798065849147795,0.9999999999999998,0.5562073507784288
126,0.6223816384722619,0.4356282630135129,0.42871291240264975,0.4685621910434901,0.7896110988927223,0.9791444890725115,0.5464877865571254
127,0.52764312100126,0.3389656589580349,0.36496378184778555,0.400846590398677,0.3888028627789379,0.9999999999999998,0.34838096320269357
128,0.5512318062510274,0.34831724183973506,0.38038430121735534,0.4168394822407972,0.4375796289717958,0.9999999999999998,0.3730348013138896
129,0.5699212305975426,0.37081563541654267,0.4190943663896082,0.447922136359453,0.56766258103781575,0.9999999999999998,0.44246105813560405
130,0.5843805017835436,0.3704964133683133,0.37950742827002326,0.43089324756690167,0.47634914052524274,0.9999999999999998,0.40113337708248104
131,0.5994538936921181,0.3740780645808881,0.3902070735283046,0.442130316593593,0.5054029125225759,0.9999999999999998,0.41620194347906325
132,0.5978621347058487,0.381947762103863,0.42251470884758274,0.4586344867995271,0.5987547534851532,0.9999999999999998,0.4599142833176461
133,0.6460406652883814,0.4442085511855747,0.4068065989005555,0.46696453083061945,0.6985891522339053,0.9999999999999998,0.5303453147984248
134,0.6474841352252653,0.4438166978338893,0.40971725964730327,0.4688043185335527,0.7061199264130918,0.9999999999999998,0.5321939612190184
135,0.6388561711957998,0.43434427407046045,0.42561842322246907,0.4742931453397517,0.7475202839844015,0.9999999999999998,0.5372766873775736
136,0.37456457702263246,0.3615897966347217,0.30384629899418814,0.322896294595077,0.34561056352036146,0.3889874419017228,0.3442261311145241
137,0.4077485800294842,0.3727180079186143,0.3233131732275884,0.3439577535177543,0.4053339373346286,0.4160747135422954,0.3738627685607274
138,0.47414414855874626,0.3855787404613983,0.39116279298522305,0.4044011058252725,0.5743927975403658,0.3150830726557175,0.45209670866889334
139,0.47001303494414826,0.39007285379325235,0.3237228958369424,0.36478136954870105,0.4383922264719111,0.9610863079787965,0.39641270233259096
140,0.5027926475492388,0.39798205742059867,0.3397672962025243,0.38217941472583333,0.491090348532858,0.9489947262609809,0.4212798345268044
141,0.5309520039001818,0.39379572657658973,0.39617928203243513,0.42278585167493443,0.6081914095217799,0.8524091301143123,0.46659950468988776
142,0.5870516348140885,0.45077293947104385,0.3848410322495325,0.4353285761241676,0.7141864981025052,0.9999999999999998,0.5294976072348279
143,0.589244081169035,0.45029512347157236,0.38901065365673626,0.4378024817994835,0.7265975205358013,0.9791444890725115,0.5325257050327236
144,0.601309764199137,0.43392220449049757,0.41037316647015437,0.4542371365149415,0.7481040009671275,0.9791444890725115,0.5296895714726277
145,0.4071088072706874,0.36547654180482425,0.3132071935520091,0.33755461706911755,0.36326061284326566,0.6211315244707278,0.35457333667498814
146,0.4403168253337347,0.37406377064179325,0.33108257378552586,0.3564830926629404,0.41618968062726064,0.6116215792866818,0.37939606082356236
147,0.4827086640387219,0.387094196044379,0.3928554318697109,0.4065904621804374,0.5765272595633638,0.34798568184749473,0.45446176205722616
148,0.49445563680099575,0.3912722443850915,0.3322049358374526,0.3765186282994477,0.4514122701584636,0.9791444890725115,0.40316038608203725
149,0.5208776481192213,0.39723722597290206,0.34691592166793617,0.3912041780114988,0.4962132676443118,0.9791444890725115,0.4233974523180944
150,0.5345159762195039,0.39488157173457633,0.3975301214940709,0.4239560881175901,0.6085929969569388,0.8614382206611698,0.46811184476577294
151,0.5918280347491336,0.45089619432588424,0.38615133623399805,0.4368983526637579,0.7138831188211561,0.9999999999999998,0.5301119947349312
152,0.593919193571622,0.4502161764225837,0.39029449581318626,0.43983401469689803,0.7253338705444627,0.9999999999999998,0.5327195537808199
153,0.6029269330122907,0.43414604105709714,0.410724345487035,0.45467158803347524,0.7456349856892053,0.9791444890725115,0.5298324382620696
154,0.490969941737163,0.3542428059528979,0.3523121661840671,0.38414959043531066,0.39436241424999163,0.9999999999999998,0.36159636904006953
155,0.4999187203769699,0.35925818906175766,0.35891871790882274,0.3898756034751312,0.4144534319077045,0.9999999999999998,0.37191914786459473
156,0.5395435176498478,0.37997859529440325,0.39551384029113823,0.4254016521311937,0.5387156608726618,0.901712498436976,0.4350412054692957
157,0.5272809241007911,0.3691466170462405,0.35902602113605014,0.4003388550906325,0.43378940923926856,0.9999999999999998,0.38576809764170417
158,0.534240217071134,0.37243784326685747,0.3641700135247944,0.40576372046965203,0.4507188655551523,0.9999999999999998,0.39403158721882675
159,0.5701576695902034,0.3888844207479364,0.39864569050111814,0.4376432931638288,0.566622484573747,0.9791444890725115,0.45049709662594
160,0.6136071963597712,0.4398027652808432,0.3879834045171808,0.44567326705089316,0.660618102860575,0.9999999999999998,0.5099267202053809
161,0.6161047674127276,0.4397464601163217,0.39100997585396197,0.4477481452835642,0.6690210561905932,0.9999999999999998,0.5125979415426133
162,0.6178234950748444,0.4319357728146968,0.410354980904574,0.45910339646299353,0.7111657041302201,0.9999999999999998,0.5214444121803928
163,0.4210196803708888,0.29850626627662136,0.3298584814493534,0.34154431966769383,0.2839333826554664,0.501713804481849,0.272269580658566
164,0.434733076528168,0.3048617817629311,0.33974952628833127,0.35196705871056627,0.3173514238032794,0.4340334978832191,0.289675471799087
165,0.4675129492847269,0.32813814644296174,0.37745524407500386,0.3969068314055995,0.4568197920453993,0.11598273478856078,0.3519474145273626
166,0.4974517757438542,0.3140876199304609,0.3415332095430651,0.37044228622143915,0.3295624741005284,0.9610863079787965,0.30121839103786485
167,0.5129866327880647,0.3201399887682046,0.3505822200099054,0.37888460945940344,0.36161639733426226,0.9366211522980539,0.3161935601202443
168,0.5303813093372783,0.3373650438041881,0.38139188915938654,0.4138421315027539,0.48610645108019246,0.6826119960172067,0.367673186413594
169,0.598530862081325,0.3931532281503593,0.38674786525131416,0.4380148837707242,0.5857025632480969,0.9791444890725115,0.4320856950337993
170,0.6021152895767291,0.3947039832218336,0.3900132807653384,0.44082944629185744,0.5969755478636637,0.9791444890725115,0.4373124046189003
171,0.6138862758808169,0.39846266160538585,0.4085026748065071,0.45725352902976024,0.6665317369601301,0.9791444890725115,0.466495635655245
172,0.4417887624557298,0.30398557057381714,0.3357167439315681,0.35206613439894185,0.30037750365003724,0.6301606150175854,0.28428289057221146
173,0.4528574844148658,0.3086974414055034,0.3444420794849256,0.359732065955793,0.3275764038281322,0.5101075742684988,0.2965451613409181
174,0.47448113523264,0.3293861375190588,0.37872137011194174,0.3990488018467996,0.4592225530379865,0.1611281875228485,0.3538913068346231
175,0.5123882399531742,0.3177040201250001,0.34701709857066815,0.3785391290482542,0.346281204562898,0.9791444890725115,0.3107309993444087
176,0.5221780945096145,0.32282681218540965,0.35499637578489474,0.3848426056778282,0.37277486306943275,0.9489947262609809,0.32181750043376584
177,0.5384064066960181,0.33864418094867044,0.38314509855311346,0.41638979768749884,0.488969295376509,0.7277574487514943,0.37042746981205343
178,0.6015900577527253,0.39317077235597236,0.38750689119959386,0.4394624057325734,0.5851716340581663,0.9791444890725115,0.4332880199228215
179,0.6053060713615129,0.3945454193669547,0.390571514932018,0.442262751407664,0.5956738503017832,0.9791444890725115,0.4380823734552198
180,0.6155328338864223,0.39837378314025723,0.40871968665552155,0.45781917396610694,0.6652893598640419,0.9791444890725115,0.4668590306646022
181,0.4969021381208809,0.3169807026317114,0.35630005604002335,0.38325225499169696,0.3435914917552216,0.9999999999999998,0.3132227331883656
182,0.5068183831921561,0.32101030071560516,0.36175487584461546,0.3888660336962124,0.3587486330860829,0.9819418189062847,0.3213263994362178
183,0.5396812592568774,0.3381591857247353,0.38696295771025707,0.4175920816430852,0.45760726875602514,0.6464719433339354,0.368083547925121
184,0.534940855757471,0.32702488956690523,0.36260020439125035,0.39731926828317893,0.3723948103814344,0.9999999999999998,0.3295566642305211
185,0.5412774299822838,0.33000773048940085,0.36659486737397096,0.40170225924279807,0.38479052820535353,0.9999999999999998,0.3356881058427736
186,0.5738148847138472,0.3452482333717194,0.388707099507328,0.4286317332458514,0.47802179657613103,0.9156127639423152,0.38006228889397137
187,0.6114654108913253,0.3841675272067395,0.3858147931503044,0.44240172329687494,0.5444084332783659,0.9999999999999998,0.4243949808161186
188,0.6141589399636822,0.3854531050136857,0.3878993830659454,0.44434038513747687,0.5529004005494895,0.9999999999999998,0.42839702015915326
189,0.6252267830976916,0.39366316222732717,0.40709348867302375,0.4595694901802652,0.6283967298993784,0.9791444890725115,0.459037931486439
190,0.40250981574713796,0.3006568626013322,0.32850206271597876,0.33679657917262856,0.2825859997253038,0.3269882399861995,0.274067026656513
191,0.4197886888699819,0.30573336840392523,0.3372604615910592,0.3468166877210152,0.3094639313514778,0.3063823887820341,0.28849242893125804
192,0.4638285721471239,0.32899745667149233,0.37697936267809595,0.3955886044385093,0.45536592685322635,0.09796642591970754,0.3525954307664397
193,0.4764754055377102,0.3122999662715272,0.3366684754033295,0.36264404958601953,0.3165274509346797,0.9366211522980539,0.29711778074426065
194,0.49296601825146025,0.31931127497852,0.3471508938921777,0.3716688166716431,0.350302186534582,0.9104548349598215,0.3120790413063907
195,0.5267663748794604,0.33790065831962096,0.3803265889550759,0.41206919081753546,0.4833219752046348,0.6826119960172067,0.36739966583517647
196,0.5971080383418844,0.39249570147130414,0.38605373089705575,0.4371449932587229,0.5794989341095123,0.9791444890725115,0.43086794896727976
197,0.6004043881608762,0.3943469319326661,0.3892769747678824,0.4398183976092409,0.5907249034007233,0.9791444890725115,0.43635402959546754
198,0.6127519092726588,0.3985292728909183,0.40815188998981916,0.456652482807888,0.6625736622946702,0.9791444890725115,0.46608457428998135
199,0.4207343837727189,0.30549692232889036,0.333224159965257,0.34536039076618985,0.29449024537412116,0.425103804089153,0.28390906776744235
200,0.4347921353934658,0.30877969694538293,0.34105179641010336,0.3536105064109934,0.3175907426534634,0.425103804089153,0.29426005609342915
201,0.4729621082240276,0.3300871223215886,0.3780389595210867,0.3981428671055436,0.45689027826076,0.1611281875228485,0.3542038108722576
202,0.49202606441269264,0.3159753615148028,0.3414002246818997,0.36988978950803864,0.32926335305810184,0.9489947262609809,0.30521747723821924
203,0.5067809961474385,0.32206876321587957,0.3512317002100015,0.3783406110849494,0.36044102607434914,0.9366211522980539,0.31799497951894967
204,0.5340891095166477,0.3390552001577134,0.38211397345149095,0.41445739439272855,0.4853285078216733,0.6826119960172067,0.36991658168530195
205,0.6004609659788979,0.39275195956698955,0.38674596539519424,0.4386344458288955,0.5795279739270255,0.9791444890725115,0.4322162009986588
206,0.6037043252910986,0.3943031520644486,0.38980714082123774,0.4411447858047455,0.5906459312748642,0.9791444890725115,0.4374000220010297
207,0.6146681296693581,0.3984153202578934,0.4084610233497119,0.45736917338800004,0.661602338937716,0.9791444890725115,0.46649811455482093
208,0.4925257789769039,0.3184344984250298,0.35567352918774264,0.38147524126772703,0.34310185885135597,0.9638836378125696,0.3141964648486811
209,0.5002753888523922,0.32188871420696447,0.36062735264123946,0.38636768906829766,0.357029266971004,0.9185629712043388,0.321145022017206
210,0.5391717694232349,0.3388961065058817,0.3864627190537126,0.41659767348592586,0.4563074792903676,0.6464719433339354,0.36846939609444296
211,0.5320625214427069,0.32781956743219887,0.36147701072979976,0.3955117561670983,0.3698611814130603,0.9999999999999998,0.3295711003545198
212,0.5375971350259385,0.33103566229757764,0.3654452997114331,0.3995272305636863,0.3832722147238853,0.9999999999999998,0.33606189095088984
213,0.5721257250634846,0.34557235586219814,0.38818726543975207,0.4271289470675523,0.47613958799152734,0.9156127639423152,0.3797256487642067
214,0.6102593391902397,0.38411561856010784,0.3854144677005304,0.441318426203736,0.54082766234611,0.9999999999999998,0.42361934348813923
215,0.612624876104498,0.3855277021848401,0.38779358821826926,0.4434512798893969,0.5500885826838416,0.9999999999999998,0.4278554949916206
216,0.6239557778995913,0.3937174022421842,0.4068486347771788,0.4587932725378258,0.6255047596217732,0.9791444890725115,0.45865463200877943
217,0.3598226965261632,0.3133764351160403,0.31843337271778227,0.3242866171587889,0.2868415718863584,0.07097855103192632,0.28463058205807706
218,0.3701881873976116,0.3171026723866406,0.3238181092878163,0.33060451842091865,0.30109711609339757,0.07097855103192632,0.29341033848685616
219,0.44466981800362243,0.33643169410252177,0.3629947388899708,0.3830548633154483,0.43066107425571765,0.07097855103192632,0.35270293715575696
220,0.42563119606385547,0.32157165470178106,0.3232599420536199,0.3429829323014524,0.3105509543879927,0.768744988050109,0.2990429283974109
221,0.437553721180789,0.32489193233874675,0.32822019091334687,0.34929134721522986,0.3249727361920846,0.768744988050109,0.3072466833865086
222,0.5065695510464219,0.34447409211323476,0.3668328237527346,0.39891014665047636,0.4563098268221302,0.6391897055644429,0.36630208361328204
223,0.5697214605952395,0.3895266777909571,0.3706630114526248,0.42155132141595314,0.5341754101106347,0.9791444890725115,0.4182470597987232
224,0.5758452928358305,0.3912893023385175,0.37425953115544924,0.4249298201551571,0.5462904635467954,0.9791444890725115,0.42401112280634295
225,0.5977682275054209,0.3988893794445108,0.3968275993997259,0.44582599178935234,0.629336100681925,0.9791444890725115,0.45858716293563323
226,0.37055614955335453,0.31639548550529606,0.32166034429200496,0.32944186905653183,0.29307039959527553,0.09764269814637076,0.29006294000106525
227,0.37813521860717897,0.31924018487124267,0.32650567780860157,0.3348197863118898,0.307221592327231,0.07097855103192632,0.2975004491119047
228,0.4495774357680962,0.33719892149288233,0.3640622725566904,0.38447984759228,0.43166256718495866,0.07097855103192632,0.35387148116667677
229,0.4331945513726511,0.32371537293325975,0.32598428493911547,0.3471319540570623,0.31601482242157736,0.8138904407843968,0.3031846630693176
230,0.4438511459734855,0.32665101237100413,0.3306990063422793,0.3529875557165096,0.3301825514040889,0.7958322596906816,0.3109740235166658
231,0.5126543997443435,0.3448802459165325,0.36798666340420805,0.4010747592046455,0.4575457546783444,0.6520915076217803,0.36750189296551083
232,0.5736580393175675,0.38960775988893287,0.37158869078726164,0.4230371781298627,0.5345544227734452,0.9791444890725115,0.41918695828389163
233,0.5786308078657663,0.39130223227241534,0.37493927160492246,0.4260324660351888,0.5457461806647897,0.9791444890725115,0.42470397378024605
234,0.600644371139111,0.3989756709940322,0.39741227444223515,0.44672722131566,0.6282229023166589,0.9791444890725115,0.45900789515877805
235,0.44804883819493285,0.32757297672045577,0.34269293707953596,0.3637128704032501,0.3348574365640724,0.5441469236288462,0.3172732978009178
236,0.4568778824642123,0.32961039218005245,0.34619902656414725,0.36794791542544264,0.3456138996338695,0.5840297431387533,0.3225918467326566
237,0.5040223746620649,0.3452384836122283,0.3748011605896848,0.40029362362079945,0.4429556470605198,0.42540519003503985,0.36864284678772336
238,0.4920023740614185,0.33435563349199837,0.34642342872170595,0.3768210236953627,0.3560215706860374,0.9670529073546961,0.3289366153388162
239,0.4987410635166558,0.3361526029687676,0.3501761258000126,0.3809935450834257,0.36712602697207264,0.9546793333917689,0.3341256938661809
240,0.5472846553606548,0.35111274532059167,0.3773487899810993,0.41201162594694657,0.46177019740852543,0.8885254923017425,0.3791312749111341
241,0.5870530580440985,0.3838980740632488,0.3743668186468436,0.4275835452351437,0.5132145839474873,0.9999999999999998,0.4154593042960592
242,0.5912666816500135,0.3852303777362096,0.37721576428706394,0.4304136893217288,0.5220778104670528,0.9999999999999998,0.41982567894973777
243,0.6077341925319657,0.3941939837048775,0.39659673416054675,0.447331547022608,0.5974206153402035,0.9791444890725115,0.4519986661170332
244,0.7777609001286917,0.6157142221743408,0.6091447715839737,0.6326025660467339,0.8243080416187046,0.9999999999999998,0.6778335491969123
245,0.7698071608108362,0.6112976042740365,0.6416152085283904,0.6581736497656459,0.8898994732535304,0.9791444890725115,0.7292041855331223
246,0.7692329395748675,0.6115156074573583,0.6419118828299795,0.6586185912927899,0.8914468949983996,0.9791444890725115,0.7308363827224303
247,0.7830052106053768,0.6879936297276124,0.6209427833036159,0.6434767094946158,0.9494812274838158,0.9999999999999998,0.8148187356053321
248,0.7863941170327795,0.663386009011107,0.6365754235905426,0.6548019244392679,0.9517138372157191,0.9999999999999998,0.8019091227615666
249,0.7798018154854951,0.6506839185399029,0.6395191723688871,0.6569562214884466,0.9446726769512463,0.9999999999999998,0.7919911918636559
250,0.7795059726418951,0.6913460686686257,0.6198794837295885,0.6411160441078443,0.9547524908900941,0.9999999999999998,0.8231073902457681
251,0.7834073003229399,0.684025968688463,0.630842369635899,0.645125031839801,0.9700285391431844,0.9999999999999998,0.8293471146308674
252,0.7822456525302819,0.6632947326269765,0.6381930187657273,0.6538462554782755,0.962390704536185,0.9999999999999998,0.8121331226695417
253,0.771842435447321,0.562395217186711,0.5871896105978557,0.6302392954134137,0.6585563425784556,0.9999999999999998,0.5906663751019874
254,0.7883938142822838,0.5932970715104426,0.6366868033816746,0.660561219882874,0.8140352429417206,0.9999999999999998,0.6798986090533351
255,0.7810463792230784,0.6054252031201405,0.6507322620506623,0.669280088206236,0.8770090350976583,0.9999999999999998,0.7241573815104324
256,0.8140188971059725,0.6662734000482801,0.6224382166182721,0.6582753215829587,0.8913269969176925,0.9999999999999998,0.7607533656373038
257,0.8088535217800943,0.6558529660222739,0.6422852639264576,0.6649106191871007,0.9252667532896813,0.9999999999999998,0.7750753833420998
258,0.7934076121973989,0.6402641066089452,0.645429885761692,0.6674359983629383,0.9258920656874958,0.9999999999999998,0.7727828041631853
259,0.790963014249367,0.6941798251808673,0.6201819051476705,0.6446943342322841,0.9528967490815232,0.9999999999999998,0.8262059492770945
260,0.7920636167366956,0.6881462099513065,0.6292949750321324,0.6471993852391028,0.9661201312058788,0.9999999999999998,0.8281574855241404
261,0.7865003172013579,0.6637270828217479,0.6393478660825744,0.6552604856951019,0.9611424895215063,0.9999999999999998,0.8115206868355084
262,0.771774677849754,0.5624820606387531,0.5870985337794498,0.6300911152137968,0.6583363946983459,0.9999999999999998,0.5906653640594407
263,0.7797308416865963,0.5567492016687274,0.6079638281243509,0.6460573735523121,0.7001431875281142,0.9999999999999998,0.6088006959043939
264,0.7758179905237091,0.5853080252827976,0.6377313565238406,0.6601601721641174,0.8096125055113825,0.9999999999999998,0.6795568456019445
265,0.7959600601045527,0.5931749080732087,0.5999169706446863,0.6463349164661553,0.7327258024755764,0.9999999999999998,0.643723902335864
266,0.8010484167241879,0.5822178449776215,0.6072838839195005,0.6532746202871185,0.7374138888015909,0.9999999999999998,0.6399529374247755
267,0.7898272526688769,0.5993468695067096,0.6412097456467368,0.6664294389410371,0.8372801620161152,0.9999999999999998,0.6993906926256921
268,0.8125930312626422,0.6760105822210388,0.6218322132902061,0.6565606997004895,0.9030735883710935,0.9999999999999998,0.7775242673404532
269,0.8152021577523911,0.6752565686810192,0.6252808256315564,0.6593639582371571,0.9092033521545039,0.9999999999999998,0.7805017161193726
270,0.8072876992645306,0.6600223076315468,0.6432117846746833,0.6634536243761173,0.9353596680217,0.9999999999999998,0.7871153589737564
271,0.7200424549437708,0.6262081233598373,0.5573809526649403,0.589633020835396,0.7497428820066456,0.9791444890725115,0.6589266112276461
272,0.7303418650466084,0.6278514600724706,0.607167766026842,0.6274697054362264,0.8585867173082624,0.9546793333917689,0.7162964913584975
273,0.7401864081795256,0.6233275030307308,0.6258478514406889,0.6401456540203373,0.8876338313275692,0.9156127639423152,0.737127415553675
274,0.7552331223634852,0.6887511493448245,0.5911446019981009,0.6179103729105998,0.9200122000662674,0.9999999999999998,0.7867306094154637
275,0.7620956453291118,0.6666090293653008,0.6140450921107073,0.635106124700035,0.9297669447997189,0.9999999999999998,0.7806810860189383
276,0.7581467360889076,0.6418012416530003,0.628086043696946,0.6455665836309984,0.9221757524609062,0.9999999999999998,0.768504739232106
277,0.7633980853499098,0.6945988762322176,0.6087207551135758,0.6294947049323885,0.9513436877466717,0.9999999999999998,0.8234601378385188
278,0.7701795836109517,0.6894640944273392,0.618518820363784,0.6356518191683698,0.9636234224418813,0.9999999999999998,0.8261835203607288
279,0.7789524053992601,0.6642705304340154,0.6348043259327031,0.6516064601144087,0.9594792873547009,0.9999999999999998,0.8096761226580258
280,0.7326850992516359,0.578921094470361,0.565455258670148,0.6083197919417508,0.6464857993494405,0.9999999999999998,0.5939800292002427
281,0.7609515341477308,0.6080648318015502,0.6136442876630279,0.6399621973183219,0.7940915363945277,0.9999999999999998,0.6755616941122421
282,0.7573357666395554,0.6165684836393038,0.6352953263505459,0.6521760115247527,0.8802092451640501,0.9670529073546961,0.729286416021646
283,0.7854172024706287,0.6709866186692521,0.5978557437736448,0.637119437654499,0.8732018467308456,0.9999999999999998,0.7482017943014521
284,0.7870532912150017,0.6613677617151997,0.6213896375173186,0.6479389351593791,0.9115858063897881,0.9999999999999998,0.7623843481221368
285,0.771601234293158,0.6378962029510926,0.6337632869277342,0.6542898367851973,0.914649160364509,0.9999999999999998,0.7614276098611449
286,0.7756982423955896,0.6952254249036033,0.6124037703907198,0.6349145808111906,0.9517475498581862,0.9999999999999998,0.8245035726187895
287,0.7801919819544679,0.6909091235901853,0.6203602595238732,0.6394371608797087,0.9626025088720525,0.9999999999999998,0.8262515850623411
288,0.7820853697859332,0.6648421308953708,0.6358289153735887,0.6526977942187081,0.9574935779360481,0.9999999999999998,0.8089711540291138
289,0.7226228859736139,0.5548106726633056,0.56407071119224,0.6080731072496651,0.6097251361717422,0.9999999999999998,0.5646240087103132
290,0.7550911696487711,0.5579651446109244,0.5867813146612433,0.6306086603783704,0.661034769734587,0.9999999999999998,0.5909706178622617
291,0.7716360561418957,0.5888783108850896,0.6344398801348654,0.6570510466456966,0.8053194943561652,0.9999999999999998,0.6793733831824379
292,0.7679696740134573,0.583046645414781,0.5845402623672915,0.6306447313102744,0.6905441201543804,0.9999999999999998,0.6184534539805917
293,0.7802453695455059,0.5780342570283071,0.5947974653768033,0.6400521861603562,0.7034108568045205,0.9999999999999998,0.6229893636818034
294,0.7853698390106313,0.6024937688585662,0.6378368931757248,0.6629060648348403,0.8338968132008486,0.9999999999999998,0.6988131342024734
295,0.8071539059088764,0.6769549956811682,0.6180745537295779,0.6525936036238437,0.900367242921965,0.9999999999999998,0.775640135386892
296,0.8098784941814574,0.6761694096420383,0.6215157625785869,0.6555246123056208,0.9062296037803333,0.9999999999999998,0.7787853546527027
297,0.8041028604820283,0.6606786371364316,0.6404883188329797,0.661218761801172,0.93283040820862,0.9999999999999998,0.7853063798038222
298,0.6419361809046796,0.6564633351344475,0.5132251965069937,0.5410292371890723,0.7317983804272972,0.9791444890725115,0.6797081008886751
299,0.6759877986794061,0.6477922969295458,0.5430857253255484,0.5735060634170503,0.7807989483403716,0.8680654447439708,0.6926336965843004
300,0.6921270007981634,0.6304744275615075,0.5993987259090878,0.6114285835081966,0.8555469858185203,0.7064743690426608,0.7230912054374233
301,0.6917697406716224,0.6821578769564327,0.5386973370302328,0.570546111178225,0.8408450695613949,0.9999999999999998,0.7340507586087714
302,0.7103219916475128,0.6719973741906847,0.5580632820923208,0.5890755603881088,0.8668208653441876,0.9791444890725115,0.73656625718207
303,0.7145426180952862,0.637946167865049,0.6026070356559617,0.618517581038878,0.8748013446655781,0.9546793333917689,0.7353642331320313
304,0.7369906537430221,0.6934381342718784,0.5839360725478647,0.6063906228868614,0.9269817944387219,0.9999999999999998,0.7955709054915759
305,0.7434732210478284,0.6915666949920629,0.5889857131342454,0.6112124567449022,0.9317006652953764,0.9999999999999998,0.7970513838770377
306,0.7545677503119759,0.6674269462519348,0.6122986911872146,0.6318981440878106,0.9349013717020555,0.9999999999999998,0.7864066508688639
307,0.6803223958056086,0.6362823739896053,0.53023607409641,0.5675035500426172,0.6990666055578969,0.9999999999999998,0.653545611595399
308,0.7021512303092873,0.644110836039854,0.5504622223911522,0.5886205545914929,0.7624069253456314,0.9791444890725115,0.6830239009462803
309,0.7007243465993225,0.6303730620591527,0.6019217598020936,0.6152304975895937,0.8559721172423725,0.7352638700813809,0.7218502417025993
310,0.7141674766181489,0.6774980222198029,0.5429287836167542,0.5835583787676573,0.8229197790607257,0.9999999999999998,0.7250992933618895
311,0.7251570239619556,0.6713112802641193,0.5600331719039574,0.5972139249824551,0.8516754684873694,0.9999999999999998,0.7309556532135744
312,0.7214243191612655,0.6383884966177207,0.6045490446300813,0.6221683054488785,0.8762647989604433,0.9670529073546961,0.7353014320947894
313,0.7418553173998383,0.6937975813533624,0.5853789059629871,0.6087714145705826,0.9261165596680467,0.9999999999999998,0.795346348807335
314,0.7487125073385541,0.6918788110430311,0.5905300179933192,0.6140326058459497,0.9307325823052175,0.9999999999999998,0.7967168903241336
315,0.757519269030589,0.6680184324644569,0.6131344807980449,0.6328306692612276,0.9346933619670958,0.9999999999999998,0.7863381795085835
316,0.6864140828298196,0.5609941484242362,0.5490001014600566,0.587823047657563,0.5955853037241235,0.9999999999999998,0.5644340975565585
317,0.6994280868766353,0.5666616611368622,0.5566957380424897,0.5957608523751116,0.6193864100374111,0.9999999999999998,0.5786609380647026
318,0.7428060127804683,0.6073794549755731,0.6098622842929214,0.6333642540749831,0.7849586616950636,0.9999999999999998,0.675373675287408
319,0.7141139545128751,0.5795227768336555,0.5575106729711913,0.6010450180063691,0.6421140644095299,0.9999999999999998,0.5950040872987802
320,0.7276387753219625,0.5860678785995534,0.5650543356007475,0.608260957152743,0.6640648246894476,0.9999999999999998,0.6082278878698212
321,0.7575186972768919,0.6186211488365082,0.613361362261906,0.6398275277308695,0.8149337853660208,0.9999999999999998,0.6929890347139996
322,0.7780695385205292,0.6793259186309867,0.5933390789593241,0.630633613016976,0.8798925524520743,0.9999999999999998,0.7598085414114804
323,0.7808183097851665,0.6789361508147486,0.596756094585383,0.6336984171386585,0.8871787478629677,0.9999999999999998,0.7625114371740143
324,0.781908217784631,0.6651476808741922,0.6197928648385492,0.6447744344141596,0.9181047162278798,0.9999999999999998,0.7701753362440835
325,0.7603937214728013,0.5780616415168297,0.5912074589136563,0.6099964959936576,0.730409489023972,0.9999999999999998,0.6089455296248285
326,0.743730301022252,0.5677912839103437,0.6164049161325609,0.6254637968676294,0.7737138630749647,0.9156127639423152,0.6285833274069516
327,0.7581403159517942,0.5965409905164885,0.6458700288165811,0.6572407794013542,0.8836329418139679,0.7989592835139864,0.7162544369771111
328,0.7772530455284824,0.6279926421431951,0.6074396075390163,0.6282887357973048,0.8613516813514077,0.9999999999999998,0.6965252359214208
329,0.7782769280283838,0.6146800705309373,0.6263171429913632,0.640329635633266,0.8751394111387779,0.9999999999999998,0.6986261192164419
330,0.7693146410345815,0.6082944146767869,0.6434174108865772,0.658674730742858,0.8982030786673229,0.9791444890725115,0.7310560624310616
331,0.7786321224197349,0.6899813633825703,0.6187483742805427,0.6407274582520952,0.9467681201692971,0.9999999999999998,0.8188732605894289
332,0.7811378238274643,0.6873686975523648,0.6236558210310618,0.6432980898143502,0.9557223575408087,0.9999999999999998,0.8206719514433424
333,0.787258886449378,0.6619171449666753,0.6391277471681395,0.6560340442953025,0.9563572875449959,0.9999999999999998,0.8048406347286131
334,0.7443639512240257,0.5437026315499054,0.5763712347554105,0.6068301810923415,0.5989385302746616,0.9999999999999998,0.5522354196642575
335,0.7677336172128408,0.5643938465679373,0.6142860508073175,0.6298653391794716,0.7243590696529902,0.9999999999999998,0.611082510635372
336,0.767656516957504,0.5961141260892073,0.6482138112530678,0.6618814917975007,0.8785847270179147,0.8802211005884072,0.7137216522137508
337,0.7987089335129324,0.6173415555815381,0.6077033333036667,0.6358299080201116,0.8041541678131732,0.9999999999999998,0.67421679520128
338,0.7992877044942874,0.6141808723484835,0.626796201316997,0.6474079654408991,0.853184501971457,0.9999999999999998,0.6902074353809593
339,0.7770412877100267,0.6073173718870752,0.6460377905999414,0.6634885425938686,0.8935480911114125,0.9791444890725115,0.7284314716053751
340,0.7839970818987323,0.6899278217469105,0.6195919285212608,0.643466856658021,0.9444375220384088,0.9999999999999998,0.8177327090842381
341,0.7874336565712928,0.6872645539313543,0.6251127777044203,0.6465625971438845,0.9537391791663136,0.9999999999999998,0.8189055631462486
342,0.7898979766242135,0.6623640818982865,0.6398657866333342,0.6573400373657141,0.9540787639935129,0.9999999999999998,0.8039246286213775
343,0.7298628446221268,0.5299680912540322,0.5711041827909388,0.6088441015478981,0.5749217473264163,0.9999999999999998,0.5343377618831392
344,0.757273768803514,0.5389999065173158,0.5863162990181493,0.62526729517614,0.6207180664467197,0.9999999999999998,0.5609749696636444
345,0.7748843708738472,0.5775488327679915,0.6353885003488914,0.6561822670253002,0.7891670762527914,0.9999999999999998,0.6611312430133807
346,0.7730168365613096,0.5614887231766584,0.5856763786795982,0.6281829608972366,0.6523130028819546,0.9999999999999998,0.5870635828513401
347,0.7855729663874306,0.5634820367479295,0.5964923075144942,0.6376340666408178,0.6783829229109939,0.9999999999999998,0.5998158561860973
348,0.7926815836586115,0.5904861792528836,0.6399846382452958,0.663806140451032,0.8194200185952689,0.9999999999999998,0.680545473469252
349,0.8175897475758213,0.6652154123127622,0.6225402818124353,0.658335318503515,0.8864913432672757,0.9999999999999998,0.7584873876469654
350,0.8185651538927218,0.6651782705713783,0.6260991078270235,0.6611512208556393,0.8943464412863171,0.9999999999999998,0.7625142580157289
351,0.8123998968834831,0.6547324974807107,0.6452842032643705,0.6670777145321256,0.9281978717846436,0.9999999999999998,0.776455756521226
352,0.6893355505912305,0.5711810790275155,0.5454406185524736,0.5637737348261366,0.6120484270706228,0.9791444890725115,0.5719345368761829
353,0.7165440286405952,0.5727945893045099,0.591125693061056,0.6033589269134604,0.722201077730668,0.87046731120802745,0.6118717578789015
354,0.7483489261099272,0.6011902645128437,0.6407178615800403,0.6517003910611643,0.8784553115868299,0.7442929606282385,0.7173559962023484
355,0.7482406147876458,0.6248927397473438,0.5854143717479507,0.6100306216242458,0.8122372927584385,0.9999999999999998,0.6740387857168054
356,0.7647639374833309,0.6184011723712851,0.6102735091228012,0.6281608513471839,0.8509625847368161,0.9791444890725115,0.6879196847383532
357,0.7619240906078348,0.6124133652060589,0.6395153534261407,0.6544544244597278,0.894907055391906,0.9670529073546961,0.7331220654937242
358,0.7726992116030044,0.6907962374614591,0.613778164097035,0.6363074675992303,0.9442342026068598,0.9999999999999998,0.8155099248612057
359,0.776360809403886,0.6881945585562892,0.619339150814963,0.6400171827095956,0.9522265949018002,0.9999999999999998,0.8169522396468495
360,0.7832278802089887,0.6629311771741747,0.6360113175849638,0.6538185791106058,0.9533097240191833,0.9999999999999998,0.8027825313896708
361,0.7192540458736717,0.5583776049369857,0.5611330758806908,0.586631192751421,0.5958917760481456,0.9999999999999998,0.5574728973931526
362,0.7464239290320481,0.5722200820579306,0.5940234079691012,0.6135151525078888,0.6997492214982289,0.9999999999999998,0.6047084450509863
363,0.7579158887631838,0.5998567303604059,0.6427211183457445,0.6559532139570758,0.8724036106419217,0.8531338289478345,0.7132037056419932
364,0.7731949856035605,0.6177317796759986,0.5888680645648989,0.6196949982665702,0.7766687197285415,0.9999999999999998,0.6609428102697978
365,0.7777711012579708,0.6165297758439473,0.6094181422248837,0.6330609566926483,0.826316698062071,0.9999999999999998,0.6796172325239851
366,0.7697668545616991,0.6114659479896064,0.6415699682395729,0.6583536338671317,0.8901346543327464,0.9791444890725115,0.729601439252803
367,0.7791581977131118,0.6906557062766367,0.6154681929600254,0.6395086512236393,0.9426323039296941,0.9999999999999998,0.8139132274255875
368,0.7831253963415586,0.6880967728354929,0.62095335630333,0.6435211632318222,0.9498837434349146,0.9999999999999998,0.8152786366956802
369,0.786345965247826,0.6633875024165791,0.6365798385159281,0.6547216481056977,0.9518788007524155,0.9999999999999998,0.8020320346979279
370,0.7205841599245943,0.535397756390989,0.5652125710115334,0.6040616073952381,0.5726282898616205,0.9999999999999998,0.5359515249078716
371,0.743737844091511,0.5420396247437287,0.5775853795567241,0.6176374360645956,0.6079841473186414,0.9999999999999998,0.5572174064782038
372,0.7712264712926569,0.5798996652157982,0.6323442337096391,0.6529597161788908,0.7826255783852896,0.9999999999999998,0.6603757794549204
373,0.7579783584137336,0.5598320935996319,0.5769962990011392,0.6207803595177165,0.6355059261087838,0.9999999999999998,0.5780949887615938
374,0.7719879714462805,0.5627792305426413,0.587264816505125,0.6304833779007156,0.6595709630458707,0.9999999999999998,0.591332054364047
375,0.7882621277517645,0.593467030164622,0.6367143080358442,0.6607304020543079,0.8146327133236316,0.9999999999999998,0.6803022657152358
376,0.8123106240968323,0.666429348162258,0.6189087226335765,0.6553299883537741,0.8829390880154566,0.9999999999999998,0.7569072182832205
377,0.8138068865574587,0.6664702326217121,0.6225186247854694,0.6582720245372261,0.8915863803522099,0.9999999999999998,0.7611828630502551
378,0.8087071804511318,0.6558917827715159,0.6422696751635621,0.6648484427993651,0.9255821077424614,0.9999999999999998,0.7752276023101439
379,0.5957656110703095,0.5852959111252384,0.5111885213960978,0.5215672717134935,0.5803598682078358,0.7638742716173534,0.5736135770055574
380,0.6456594384988363,0.5956706479941644,0.5326517051097215,0.5538747815692844,0.6514195490600934,0.6572478866581579,0.6058060271847588
381,0.6962673623293867,0.6185183535089895,0.602552499570374,0.6161117790330084,0.8331083194817569,0.6133002817944115,0.7021909247017882
382,0.6859009676149462,0.6232697306307473,0.5373398315360497,0.5665383556505015,0.70674616611829,0.9791444890725115,0.6412265760926092
383,0.7114328366791638,0.6301820904920381,0.55555151817163,0.5858097230063355,0.7640256184454383,0.9791444890725115,0.6652646389150411
384,0.724809248792729,0.6288620929057694,0.6056682061874324,0.6247490839612811,0.860360622733092,0.9285130160535365,0.7188124046446283
385,0.7442059630669607,0.6906460763662774,0.58473648612093,0.6113551870572116,0.9158618844092035,0.9999999999999998,0.7858450799403438
386,0.7500734004637986,0.6889870024932604,0.5899472833134947,0.6153312100292251,0.9217988904606387,0.9999999999999998,0.7882002859601593
387,0.7585600882797144,0.6664107031376462,0.613076827303304,0.6335729464857511,0.9306511038592931,0.9999999999999998,0.7815369624815368
388,0.6385823945157375,0.5877515720674988,0.5231289566352557,0.5425230524758927,0.5968043236873952,0.9285130160535365,0.5815081513378393
389,0.6786330247050186,0.5968437773659523,0.5418932573303928,0.5666104522476815,0.6562354602234656,0.8885254923017425,0.608817751962097
390,0.7057993153893931,0.6177709511746226,0.6044960495067607,0.6202649430719844,0.8324345587684093,0.6613289163083731,0.7004416677637453
391,0.7027160983650036,0.6215385319579336,0.5423847747671622,0.5758604324237129,0.7063931230874211,0.9999999999999998,0.6408940552709587
392,0.7202733398832992,0.6270378944930151,0.55757259146248,0.5899977618246834,0.7517171266949256,0.9791444890725115,0.6603163615544447
393,0.7301710060719573,0.6280568161616213,0.6071974243747974,0.6274278582498503,0.8588438337510167,0.9546793333917689,0.7166672022568628
394,0.749791395597916,0.690506584853089,0.5862902672689944,0.614283026200743,0.9149243532598899,0.9999999999999998,0.7847810484571787
395,0.7548980225884302,0.6888134186755692,0.5912213010766553,0.6178180627486082,0.9202518804685348,0.9999999999999998,0.786990433275654
396,0.7620462055826357,0.6666813334711207,0.6140439399144381,0.6350290703510076,0.9300603063286287,0.9999999999999998,0.7808613900011703
397,0.6932026715146491,0.555867517690643,0.5506677076848399,0.5874899848717215,0.584061267157298,0.9999999999999998,0.5531953099950611
398,0.7044722031825031,0.5610525228417798,0.5575128054145682,0.5944409850326996,0.6039889879626164,0.9999999999999998,0.5652915807631661
399,0.747444363142887,0.5970502677813821,0.6102636717566033,0.6344038193135872,0.7657155058433334,0.9999999999999998,0.6585925784548188
400,0.7199987524952982,0.5739177097743309,0.5587159246591259,0.6014009681558175,0.6264175032637307,0.9999999999999998,0.5822022952054197
401,0.732627406929919,0.5790722292065141,0.5654595936271791,0.6085782232719625,0.6467414528379485,0.9999999999999998,0.5942812418508321
402,0.7608600186866312,0.6082651548116738,0.6136979581736517,0.6399930509155698,0.794392405835607,0.9999999999999998,0.6758877619194862
403,0.7832755416006293,0.6709777629020731,0.5941830021460502,0.634489115613477,0.8637044198956101,0.9999999999999998,0.7447899780002442
404,0.7853859376366723,0.6712083078485942,0.5978373980303695,0.6371137229758169,0.8735843757587383,0.9999999999999998,0.7486069224137597
405,0.7868545782357375,0.6614754496062641,0.6213644175386117,0.6478719108830825,0.9116474466874663,0.9999999999999998,0.7626013630356859
406,0.7511847303097714,0.5658104447141031,0.5835888853786152,0.5996879683650839,0.6932795067806476,0.9791444890725115,0.586422389377507
407,0.7292612032142353,0.5480732792894906,0.5972091524132165,0.6047177005112477,0.7020320277989494,0.87046731120802745,0.5791572486534384
408,0.7056553229785041,0.5577009244031322,0.6152449915728598,0.6152556252770611,0.7590115135504961,0.5176623506881473,0.6163607155841849
409,0.7640703378082332,0.594751400078737,0.596313979438857,0.612683667903309,0.7847045879574825,0.9999999999999998,0.6325911917891703
410,0.7687551316273955,0.581803633071313,0.6071155882681236,0.620976433849198,0.796785346073241,0.9791444890725115,0.6270687211837821
411,0.7432005121067005,0.5670742616453722,0.6194159469299486,0.6271518836846957,0.7867076169591352,0.9156127639423152,0.630734368072788
412,0.7733268492826244,0.6290351046186053,0.6053859534954678,0.625755155602435,0.8571432980850201,0.9999999999999998,0.6970224679156581
413,0.7774716556130628,0.6282230929481861,0.6089456684220906,0.6283544789674939,0.866932945101945,0.9999999999999998,0.6991150692441881
414,0.776942768911485,0.6139669565144222,0.6268506199900813,0.6406800166233337,0.8786827605695798,0.9999999999999998,0.7000551175210896
415,0.7336010385973981,0.5379080132591505,0.5705872687486262,0.5941639310177637,0.5777573877016201,0.9999999999999998,0.537900912691876
416,0.7537400364369173,0.5479259851300406,0.5964758128266876,0.609372186323838,0.6683442604538141,0.9999999999999998,0.5724171576880428
417,0.7109257986133821,0.558430541453056,0.6158490866645465,0.6171203200010867,0.7566905055541333,0.5832678488275037,0.6169731064986406
418,0.7796579964201482,0.5869511245043203,0.593786045837063,0.6161477421221636,0.7340928060110462,0.9999999999999998,0.6190806569829143
419,0.7781970274493432,0.5809364275844614,0.6061114734977561,0.6232971183765373,0.767609315505665,0.9999999999999998,0.6229402266795472
420,0.7461613463776523,0.5676185711954259,0.6195222900435308,0.6279150553922775,0.7836587750917136,0.9156127639423152,0.6310363168287436
421,0.7785462593119441,0.6290690058228492,0.6067556146855106,0.6279935620209228,0.8576753888683354,0.9999999999999998,0.6970416068068691
422,0.7812955350431785,0.628219140042401,0.6100662827958753,0.6302836226518777,0.8667908413059919,0.9999999999999998,0.6989733655668229
423,0.7797410937210824,0.614491225095272,0.6272169857553848,0.6415219851882865,0.8788773526701583,0.9999999999999998,0.7000218937374233
424,0.7113532444766486,0.5223784422792961,0.566262494998994,0.5953575527720769,0.5499121936834426,0.9999999999999998,0.5193778433608262
425,0.7191200977142432,0.5261031186102373,0.5715727699205113,0.5983146529344665,0.5657883247605617,0.9999999999999998,0.5278611916214501
426,0.7531632417799252,0.5549348076291395,0.6139395220640491,0.6258072303008404,0.7059688787608106,0.9999999999999998,0.5991150416534922
427,0.7383416663475536,0.5364034583836104,0.5728443756112821,0.6058110429638293,0.5850208176961491,0.9999999999999998,0.5419467620302667
428,0.7478424791026802,0.5407178786093195,0.5782071957119029,0.6098927791479641,0.5999734421558485,0.9999999999999998,0.5512179293234661
429,0.7711689608683876,0.563275458598709,0.6165173849266458,0.6318887846221356,0.729041582936565,0.9999999999999998,0.6118388502436407
430,0.8002896341370788,0.6165107503698785,0.6071809445329437,0.6355264036023033,0.7990562803174447,0.9999999999999998,0.672615210747885
431,0.8023489268361825,0.6171996281156413,0.6100027171129502,0.6379059707915355,0.8096979755414492,0.9999999999999998,0.6760431271558754
432,0.8015625775189957,0.6137898211845269,0.6285817692326969,0.6489490360810184,0.8571744889242227,0.9999999999999998,0.6914788600554099
433,0.668917818320362,0.5522031179192832,0.5397442431784774,0.5508523657200172,0.5647014744706019,0.9366211522980539,0.5405747378332215
434,0.7036668588070158,0.5490910879251842,0.5734198974564124,0.5841404994865974,0.6477557315804402,0.7909610825794972,0.5621197429831857
435,0.70054518510247,0.5581470229415851,0.6123552094467872,0.612138942262218,0.7489985489939721,0.4845190983693063,0.614275431700058
436,0.7385583741067089,0.5855417636051611,0.5765708350639036,0.5951265905581682,0.7149600664280342,0.9791444890725115,0.6057179296168884
437,0.7501564218322543,0.5802270907814455,0.5901261945847138,0.6073405376162989,0.7535790282913466,0.9791444890725115,0.6143444287660697
438,0.7392807667864616,0.5673179426352447,0.616170332077722,0.6242629971698164,0.7765599934515846,0.9156127639423152,0.6283317040336188
439,0.7692455567623497,0.6286603861462846,0.6028755970526632,0.6236668501129051,0.8519997131497009,0.9999999999999998,0.6944649010596379
440,0.7731420592675119,0.6278813731542542,0.6063322675366112,0.6262235650690035,0.8617235387210788,0.9999999999999998,0.6966015638061931
441,0.775555601784225,0.6144198650495075,0.6257480056082642,0.6395382489254707,0.8751912746398789,0.9791444890725115,0.6990244517956857
442,0.706441894064994,0.5462456447219121,0.5559341796132431,0.5742720409097434,0.5640751700477974,0.9999999999999998,0.5363648367546737
443,0.7322199362361038,0.5500680760809281,0.5769131914002731,0.59285782750203,0.6308012964946546,0.9546793333917689,0.5617044523227477
444,0.7066352362101299,0.558545607303536,0.612711489813995,0.6137896384502418,0.7461065315712796,0.5357205317818624,0.6143880798581759
445,0.7504627201665613,0.5809721475418969,0.5773465710821967,0.5997387529440619,0.6935471807300843,0.9999999999999998,0.6000260296065312
446,0.7607592869104515,0.5782698017095165,0.5911628554052117,0.610067891113762,0.7309713467308843,0.9999999999999998,0.6093160109000569
447,0.7435572296419711,0.5679733843396889,0.6164793289818012,0.6255159988095053,0.7740715750685387,0.9156127639423152,0.6289427826485134
448,0.7742029760353022,0.6287749588552137,0.6040451475981452,0.6259994930374693,0.8525270613111001,0.9999999999999998,0.6945782148913845
449,0.7771257005511587,0.6281187462927568,0.6074801425096555,0.6282943806496911,0.8615971981330669,0.9999999999999998,0.6967101558317992
450,0.7781446443447673,0.6148540298107878,0.6262758165849738,0.640296499068981,0.8754656473931632,0.9999999999999998,0.698890165304739
451,0.7070941292333657,0.525422785469583,0.5637783519153343,0.5902053578250921,0.5484626332339468,0.9999999999999998,0.5200688059773211
452,0.715582241690206,0.5292676452461686,0.5692747674085833,0.5945729413665783,0.5642102337995418,0.9999999999999998,0.5287716076083906
453,0.7482808295278085,0.5560382089454312,0.6115783488051658,0.6227992274494214,0.7005725835158558,0.9999999999999998,0.5983034591658348
454,0.734882003933528,0.5399487552746065,0.5709659606575217,0.6025584598574818,0.5831702281102319,0.9999999999999998,0.5432675038229343
455,0.744307598827812,0.5436999640833899,0.5763401785865737,0.6068908505561968,0.5987949576441531,0.9999999999999998,0.5523058141509578
456,0.7677567429173118,0.5645140271902034,0.6142010719098613,0.6298401321593564,0.7244876212401358,0.9999999999999998,0.6112044083524152
457,0.7967373784138169,0.6168167210422395,0.6048474560879251,0.6332680904479707,0.7942214616851955,0.9999999999999998,0.6709944912117004
458,0.7987510709844589,0.6173905812913485,0.6078029135141867,0.6357780631601436,0.8044117999074583,0.9999999999999998,0.6743040364357347
459,0.799183879753102,0.6142595903368496,0.6267561842934053,0.6473171919433077,0.8532555680371878,0.9999999999999998,0.6903846205508383
460,0.5795107526853275,0.5499903468565033,0.5135482907225057,0.5139177913337959,0.5110357507868001,0.5653982929470402,0.5223639900698733
461,0.6011160121845175,0.55622820073982715,0.5268616271990624,0.5284614172662052,0.550808283796451,0.4701498600706493,0.5401224584442708
462,0.665584241250949,0.5638651544008607,0.5847048170899464,0.5875666593227437,0.691851901869595,0.3279780172778434,0.5970230486161252
463,0.6484187922170848,0.566129910877007,0.5287885071826892,0.5429938375249354,0.5706306574190201,0.9791444890725115,0.5538235481495929
464,0.6732351029866845,0.570846312616908,0.5392805096691904,0.5559640722008498,0.6059618181443557,0.9670529073546961,0.5687861569954789
465,0.7117952864725337,0.5720872735207378,0.5897479444321327,0.6018761835002248,0.7212936890922471,0.8524091301143123,0.610903595019306
466,0.7423517559464102,0.6247653389393681,0.580640774115739,0.6055169990874971,0.799860433801771,0.9999999999999998,0.6701637650730452
467,0.7453756502339226,0.6250879434623966,0.5843738162922316,0.6085280307618081,0.8121819722853743,0.9999999999999998,0.6739408925201242
468,0.7637415880078656,0.6183421322085337,0.6099659894203328,0.6281235521149316,0.8518092625996784,0.9791444890725115,0.6880441963216246
469,0.6031104094131037,0.5535737120118083,0.520649638947576,0.5254447004198621,0.525726339624332,0.6697101939598693,0.5309253481018099
470,0.6304963008815346,0.5578717483012496,0.5330033982401131,0.5389539769813235,0.559575727440608,0.6482187961113004,0.5452149850019455
471,0.6712154933246177,0.565214945082331,0.5864195455147667,0.5892407621115265,0.6942571809599682,0.34798568184749473,0.5991374188053805
472,0.6686615034207873,0.5674890163908187,0.5355172775845873,0.55280541754101,0.5817164461659079,0.9791444890725115,0.5590787353507958
473,0.6892999545037543,0.5714822829711009,0.5456133988618227,0.5639102581021477,0.6130442700031878,0.9791444890725115,0.5724312303995122
474,0.7164122217614214,0.5728622094080299,0.5912271143864276,0.6033430328127805,0.7223097659951168,0.87046731120802745,0.6119532305712543
475,0.7468296410015515,0.6246741804219199,0.5818275082914677,0.607497800526391,0.799799650718076,0.9999999999999998,0.6705016390862876
476,0.74855073312708,0.6250223707878947,0.5854540176374573,0.6101352236619367,0.8128029624820072,0.9999999999999998,0.6743769155782107
477,0.7647573021429577,0.6184775327667892,0.6103423064988829,0.6282535697704916,0.8510862682773007,0.9791444890725115,0.6881467907381242
478,0.6917793254481975,0.5449582881366379,0.5502371517277652,0.5756866792723563,0.5536698313121275,0.9999999999999998,0.5324076140121012
479,0.6984252699020786,0.5487158702299766,0.5557758434632071,0.5777442749159208,0.568463633461384,0.9999999999999998,0.540494728584132
480,0.7294227902432113,0.5651131089380492,0.5907449734476166,0.6061073675207317,0.678532722572385,0.9417790812805475,0.5927008392889861
481,0.7117765099290269,0.5559857591830334,0.5563817325561146,0.5826981308206037,0.5823499077944487,0.9999999999999998,0.5503095190094677
482,0.7193240116617616,0.5584369583835572,0.5612104923000335,0.5867615365470071,0.5962302999085031,0.9999999999999998,0.5576633310940613
483,0.7465517053788407,0.5722821485850811,0.5940881452929961,0.6136301341060778,0.6999661398019605,0.9999999999999998,0.6049208372567041
484,0.7709271422851103,0.6173138241989743,0.5861285101797273,0.6178845702084048,0.7690270103540331,0.9999999999999998,0.6578847582633064
485,0.7731171945180467,0.6178026284536922,0.5889402092601435,0.6198301897687967,0.7768764898302097,0.9999999999999998,0.6611415894662739
486,0.7777253584343206,0.6166564733139033,0.6093818631954749,0.6330733974800585,0.826751164045049,0.9999999999999998,0.6798069174361154
